index,x_pos,y_pos,z_pos,w_ort,x_ort,y_ort,z_ort
0,-1.5020678043365479,3.1917591094970703,0.0,1.0,0.0,0.0,0.0
1,-3.224043369293213,1.4685677289962769,0.0,1.0,0.0,0.0,0.0
2,-3.4156765937805176,3.440112352371216,0.0,1.0,0.0,0.0,0.0
3,-0.8558298349380493,1.1538348197937012,0.0,1.0,0.0,0.0,0.0
4,-1.9540749788284302,0.7617009282112122,0.0,1.0,0.0,0.0,0.0
