index,x_pos,y_pos,z_pos,w_ort,x_ort,y_ort,z_ort
0,-0.9975228309631348,0.970323383808136,0.0,1.0,0.0,0.0,0.0
1,-1.0217957496643066,3.5520434379577637,0.0,1.0,0.0,0.0,0.0
2,-4.132763862609863,3.6280744075775146,0.0,1.0,0.0,0.0,0.0
3,-4.013290882110596,0.975433349609375,0.0,1.0,0.0,0.0,0.0
